teamId, playerId, firstName, lastName, displayName, shortName
258,5142618, Christian, Christian, Christian Bliss, C. Bliss
258,4838704, Leon, Leon, Leon Bond III, L. Bond III
258,5079838, Blake, Blake, Blake Buchanan, B. Buchanan
258,5080790, Elijah, Elijah, Elijah Gertrude, E. Gertrude
258,4592583, Jacob, Jacob, Jacob Groves, J. Groves
258,4596531, Dante, Dante, Dante Harris, D. Harris
258,5105408, Tristan, Tristan, Tristan How, T. How
258,4712845, Isaac, Isaac, Isaac McKneely, I. McKneely
258,4594263, Jordan, Jordan, Jordan Minor, J. Minor
258,4692906, Taine, Taine, Taine Murray, T. Murray
258,5174572, Desmond, Desmond, Desmond Roberts, D. Roberts
258,5143921, Anthony, Anthony, Anthony Robinson, A. Robinson
258,5109019, Andrew, Andrew, Andrew Rohde, A. Rohde
258,4431710, Kadin, Kadin, Kadin Shedrick, K. Shedrick
258,4712866, Isaac, Isaac, Isaac Traudt, I. Traudt
258,5185256, Bryce, Bryce, Bryce Walker, B. Walker
36,5107564, Patrick, Patrick, Patrick Cartier, P. Cartier
36,4702384, Nique, Nique, Nique Clifford, N. Clifford
36,5093253, Kyan, Kyan, Kyan Evans, K. Evans
36,5107567, Kyle, Kyle, Kyle Evans, K. Evans
36,4585600, Baylor, Baylor, Baylor Hebb, B. Hebb
36,5107562, Taviontae, Taviontae, Taviontae Jackson, T. Jackson
36,4683803, Javonte, Javonte, Javonte Johnson, J. Johnson
36,4897514, Jalen, Jalen, Jalen Lake, J. Lake
36,5176197, Cam, Cam, Cam Lowe, C. Lowe
36,5176196, Rashaan, Rashaan, Rashaan Mbemba, R. Mbemba
36,5107565, Luke, Luke, Luke Murphy, L. Murphy
36,5107566, Joe, Joe, Joe Palmer, J. Palmer
36,5107563, Jack, Jack, Jack Payne, J. Payne
36,4703224, Isaiah, Isaiah, Isaiah Rivera, I. Rivera
36,5176195, Joel, Joel, Joel Scott, J. Scott
36,4398146, Josiah, Josiah, Josiah Strong, J. Strong
36,4593043, John, John, John Tonje, J. Tonje
36,4703222, Trace, Trace, Trace Young, T. Young
47,5179295, Jordan, Jordan, Jordan Atkins, J. Atkins
47,5179296, Quint, Quint, Quint Booker, Q. Booker
47,4874685, Dom, Dom, Dom Campbell, D. Campbell
47,4433580, Marcus, Marcus, Marcus Dockery, M. Dockery
47,4594138, Jordan, Jordan, Jordan Hairston, J. Hairston
47,4897768, Bryce, Bryce, Bryce Harris, B. Harris
47,4897766, Elijah, Elijah, Elijah Hawkins, E. Hawkins
47,4592428, Talin, Talin, Talin Lewis, T. Lewis
47,5179298, AJ, AJ, AJ Magbegor, A. Magbegor
47,5179297, Dylan, Dylan, Dylan Metoyer, D. Metoyer
47,4432746, Shy, Shy, Shy Odom, S. Odom
47,5107986, Ose, Ose, Ose Okojie, O. Okojie
47,5107987, Freedom, Freedom, Freedom Rhames, F. Rhames
47,4704043, Steve, Steve, Steve Settle III, S. Settle III
47,4897769, Miles, Miles, Miles Stewart, M. Stewart
47,4909951, Joshua, Joshua, Joshua Strong, J. Strong
47,4897770, Ayodele, Ayodele, Ayodele Taiwo, A. Taiwo
47,4066829, Seth, Seth, Seth Towns, S. Towns
47,4700843, Isiah, Isiah, Isiah Warfield, I. Warfield
47,4704042, Thomas, Thomas, Thomas Weaver, T. Weaver
47,4600147, Elijah, Elijah, Elijah Williams, E. Williams
47,4279561, Jelani, Jelani, Jelani Williams, J. Williams
47,4704048, Jordan, Jordan, Jordan Wood, J. Wood
2681,4599446, Tahron, Tahron, Tahron Allen, T. Allen
2681,5106750, Zae, Zae, Zae Blake, Z. Blake
2681,4703608, Churchill, Churchill, Churchill Bounds, C. Bounds
2681,5106633, Julian, Julian, Julian Brown, J. Brown
2681,5177301, Melvin, Melvin, Melvin Council Jr., M. Council Jr.
2681,4902635, Javier, Javier, Javier Ezquerra, J. Ezquerra
2681,4897959, Di'Andre, Di'Andre, Di'Andre Howell-South, D. Howell-South
2681,4703199, DeLonnie, DeLonnie, DeLonnie Hunt, D. Hunt
2681,5177299, Tyje, Tyje, Tyje Kelton, T. Kelton
2681,5106634, Keyontae, Keyontae, Keyontae Lewis, K. Lewis
2681,4592477, Rahmir, Rahmir, Rahmir Moore, R. Moore
2681,4897952, Rob, Rob, Rob Taylor II, R. Taylor II
2681,4897951, Zaire, Zaire, Zaire Williams, Z. Williams
2681,4894464, Seck, Seck, Seck Zongo, S. Zongo
68,4433197, Chibuzo, Chibuzo, Chibuzo Agbo, C. Agbo
68,5107148, Roddie, Roddie, Roddie Anderson III, R. Anderson III
68,5114263, Vince, Vince, Vince Barringer, V. Barringer
68,4898260, Tyson, Tyson, Tyson Degenhart, T. Degenhart
68,4683941, RJ, RJ, RJ Keene, R. Keene
68,4702872, Pavle, Pavle, Pavle Kuzmanovic, P. Kuzmanovic
68,4683768, Chris, Chris, Chris Lockett Jr., C. Lockett Jr.
68,5176185, Alex, Alex, Alex Martin, A. Martin
68,5081887, Andrew, Andrew, Andrew Meadow, A. Meadow
68,4432749, Sadraque, Sadraque, Sadraque NgaNga, S. NgaNga
68,5107473, Kade, Kade, Kade Rice, K. Rice
68,4397263, Max, Max, Max Rice, M. Rice
68,4585612, Burke, Burke, Burke Smith, B. Smith
68,4703032, O'Mar, O'Mar, O'Mar Stanley, O. Stanley
68,4897722, Mohamed, Mohamed, Mohamed Sylla, M. Sylla
68,5195304, Emmanuel, Emmanuel, Emmanuel Ugbo, E. Ugbo
68,5107474, Jace, Jace, Jace Whiting, J. Whiting
68,4706854, Sam, Sam, Sam Winter, S. Winter
68,4898261, Kobe, Kobe, Kobe Young, K. Young
38,4433257, Quincy, Quincy, Quincy Allen, Q. Allen
38,4685648, Courtney, Courtney, Courtney Anderson Jr., C. Anderson Jr.
38,5105615, Harrison, Harrison, Harrison Carrington, H. Carrington
38,4702384, Nique, Nique, Nique Clifford, N. Clifford
38,5175021, Bangot, Bangot, Bangot Dak, B. Dak
38,4711295, Assane, Assane, Assane Diop, A. Diop
38,5105614, Greg, Greg, Greg Gerhardt, G. Gerhardt
38,4702784, J'Vonne, J'Vonne, J'Vonne Hadley, J. Hadley
38,4692907, Julian, Julian, Julian Hammond III, J. Hammond III
38,5105613, Joe, Joe, Joe Hurlburt, J. Hurlburt
38,5175022, Tristan, Tristan, Tristan Jackson, T. Jackson
38,4433191, Eddie, Eddie, Eddie Lampkin Jr., E. Lampkin Jr.
38,4596528, Lawson, Lawson, Lawson Lovering, L. Lovering
38,4702380, Luke, Luke, Luke O'Brien, L. O'Brien
38,4898115, Jack, Jack, Jack Pease, J. Pease
38,4693725, Javon, Javon, Javon Ruffin, J. Ruffin
38,5105612, RJ, RJ, RJ Smith, R. Smith
38,5175023, Grady, Grady, Grady Whitt, G. Whitt
147,4702076, Carter, Carter, Carter Ash, C. Ash
147,4397450, Darius, Darius, Darius Brown, D. Brown
147,4701583, Robert, Robert, Robert Ford III, R. Ford III
147,5175376, Aiden, Aiden, Aiden Gair, A. Gair
147,4702072, Nick, Nick, Nick Gazelas, N. Gazelas
147,4897553, Jaden, Jaden, Jaden Geron, J. Geron
147,5175378, Brian, Brian, Brian Goracke, B. Goracke
147,4897926, Sam, Sam, Sam Lecholat, S. Lecholat
147,4897923, Patrick, Patrick, Patrick McMahon, P. McMahon
147,5175377, Jaqari, Jaqari, Jaqari Miles, J. Miles
147,5107844, Jed, Jed, Jed Miller, J. Miller
147,4897190, Chika, Chika, Chika Nduka, C. Nduka
147,4592360, John, John, John Olmsted, J. Olmsted
147,4897921, Great, Great, Great Osobor, G. Osobor
147,4702074, Tyler, Tyler, Tyler Patterson, T. Patterson
147,5175380, Royce, Royce, Royce Robinson, R. Robinson
147,5175379, Calum, Calum, Calum Rutherfurd, C. Rutherfurd
147,4593297, Eddie, Eddie, Eddie Turner III, E. Turner III
147,5105487, Brandon, Brandon, Brandon Walker, B. Walker
2755,4592830, Jonathan, Jonathan, Jonathan Aku, J. Aku
2755,4433185, Antwan, Antwan, Antwan Burnett, A. Burnett
2755,4896948, Jimel, Jimel, Jimel Cofer, J. Cofer
2755,5177572, Kintavious, Kintavious, Kintavious Dozier, K. Dozier
2755,4594013, Jalen, Jalen, Jalen Johnson, J. Johnson
2755,4897848, Malik, Malik, Malik Lamin, M. Lamin
2755,4277888, Terrence, Terrence, Terrence Lewis, T. Lewis
2755,4594071, Tra'Michael, Tra'Michael, Tra'Michael Moton, T. Moton
2755,4594070, Zahad, Zahad, Zahad Munford, Z. Munford
2755,4897846, Quintin, Quintin, Quintin Murrell, Q. Murrell
2755,5177575, Chilaydrien, Chilaydrien, Chilaydrien Newton, C. Newton
2755,5105898, Elvis, Elvis, Elvis Nnaji, E. Nnaji
2755,4897847, Payton, Payton, Payton Parrish, P. Parrish
2755,4906246, William, William, William Reynolds, W. Reynolds
2755,5177573, Mikale, Mikale, Mikale Stevenson, M. Stevenson
2755,5107398, Justin, Justin, Justin Warren, J. Warren
153,4869764, Elliot, Elliot, Elliot Cadeau, E. Cadeau
153,4433176, RJ, RJ, RJ Davis, R. Davis
153,4683638, D'Marco, D'Marco, D'Marco Dunn, D. Dunn
153,4701848, Duwe, Duwe, Duwe Farris, D. Farris
153,4895793, Zayden, Zayden, Zayden High, Z. High
153,4701846, Puff, Puff, Puff Johnson, P. Johnson
153,4902259, Rob, Rob, Rob Landry, R. Landry
153,4701847, Creighton, Creighton, Creighton Lebo, C. Lebo
153,4433144, Caleb, Caleb, Caleb Love, C. Love
153,4432058, Justin, Justin, Justin McKoy, J. McKoy
153,4838721, Tyler, Tyler, Tyler Nickel, T. Nickel
153,4897777, James, James, James Okonkwo, J. Okonkwo
153,4684838, Will, Will, Will Shaver, W. Shaver
153,4611413, Dontrez, Dontrez, Dontrez Styles, D. Styles
153,4712836, Seth, Seth, Seth Trimble, S. Trimble
153,4433625, Jalen, Jalen, Jalen Washington, J. Washington
153,4431740, Jae'Lyn, Jae'Lyn, Jae'Lyn Withers, J. Withers
153,4433125, Paxson, Paxson, Paxson Wojcik, P. Wojcik
12,4432739, Dylan, Dylan, Dylan Anderson, D. Anderson
12,4896365, Adama, Adama, Adama Bal, A. Bal
12,4594109, Oumar, Oumar, Oumar Ballo, O. Ballo
12,5105569, Filip, Filip, Filip Borovicanin, F. Borovicanin
12,4684269, Kylan, Kylan, Kylan Boswell, K. Boswell
12,4432737, Jaden, Jaden, Jaden Bradley, J. Bradley
12,4585593, Luke, Luke, Luke Champion, L. Champion
12,5174956, Jackson, Jackson, Jackson Cook, J. Cook
12,4683633, Kerr, Kerr, Kerr Kriisa, K. Kriisa
12,5174954, Motiejus, Motiejus, Motiejus Krivas, M. Krivas
12,5174953, Will, Will, Will Kuykendall, W. Kuykendall
12,5174952, KJ, KJ, KJ Lewis, K. Lewis
12,4433144, Caleb, Caleb, Caleb Love, C. Love
12,5174957, Conrad, Conrad, Conrad Martinez, C. Martinez
12,4896361, Will, Will, Will Menaugh, W. Menaugh
12,5174955, Paulius, Paulius, Paulius Murauskas, P. Murauskas
12,5105571, Henri, Henri, Henri Veesaar, H. Veesaar
12,4702373, Grant, Grant, Grant Weitman, G. Weitman
299,5177683, Eli, Eli, Eli Djordjevic, E. Djordjevic
299,5107195, Matt, Matt, Matt Fegurgur, M. Fegurgur
299,4897668, AJ, AJ, AJ George, A. George
299,5107192, Jason, Jason, Jason Hart Jr., J. Hart Jr.
299,5107194, Tone, Tone, Tone Hunter, T. Hunter
299,4611534, Jadon, Jadon, Jadon Jones, J. Jones
299,5177684, Varick, Varick, Varick Lewis, V. Lewis
299,5107191, Maddox, Maddox, Maddox Monson, M. Monson
299,5107196, Shaumba, Shaumba, Shaumba Ngoyi, S. Ngoyi
299,5107193, Chayce, Chayce, Chayce Polynice, C. Polynice
299,4433614, Isa, Isa, Isa Silva, I. Silva
299,5107190, Amari, Amari, Amari Stroud, A. Stroud
299,4432127, Messiah, Messiah, Messiah Thompson, M. Thompson
299,4897670, Aboubacar, Aboubacar, Aboubacar Traore, A. Traore
299,4897052, Lassina, Lassina, Lassina Traore, L. Traore
299,4592438, Marcus, Marcus, Marcus Tsohonis, M. Tsohonis
299,4410862, Jeffrey, Jeffrey, Jeffrey Yan, J. Yan
66,5175037, Omaha, Omaha, Omaha Biliew, O. Biliew
66,5103584, Kayden, Kayden, Kayden Fish, K. Fish
66,4585618, Keshon, Keshon, Keshon Gilbert, K. Gilbert
66,4431973, Caleb, Caleb, Caleb Grill, C. Grill
66,4895747, Jelani, Jelani, Jelani Hamilton, J. Hamilton
66,5106256, Conrad, Conrad, Conrad Hawley, C. Hawley
66,4898369, Curtis, Curtis, Curtis Jones, C. Jones
66,4593702, Robert, Robert, Robert Jones, R. Jones
66,5175036, Cade, Cade, Cade Kelderman, C. Kelderman
66,5106253, Eli, Eli, Eli King, E. King
66,4398319, Tre, Tre, Tre King, T. King
66,5106254, Tamin, Tamin, Tamin Lipsey, T. Lipsey
66,4848637, Milan, Milan, Milan Momcilovic, M. Momcilovic
66,5107317, Jackson, Jackson, Jackson Paveletzke, J. Paveletzke
66,5061598, J.T., J.T., J.T. Rock, J.T. Rock
66,4592495, Hason, Hason, Hason Ward, H. Ward
66,5106255, Demarion, Demarion, Demarion Watson, D. Watson
66,4701222, Jeremiah, Jeremiah, Jeremiah Williams, J. Williams
2571,5177049, Bubz, Bubz, Bubz Alvarez, B. Alvarez
2571,4702644, Luke, Luke, Luke Appel, L. Appel
2571,4897549, Nate, Nate, Nate Barnhart, N. Barnhart
2571,4592707, Charlie, Charlie, Charlie Easley, C. Easley
2571,5107255, Kalen, Kalen, Kalen Garry, K. Garry
2571,5107257, Jack, Jack, Jack Hastreiter, J. Hastreiter
2571,5177050, Conner, Conner, Conner Kraft, C. Kraft
2571,5107258, William, William, William Kyle III, W. Kyle III
2571,4897251, Zeke, Zeke, Zeke Mayo, Z. Mayo
2571,4398338, Matt, Matt, Matt Mims, M. Mims
2571,4590359, Matthew, Matthew, Matthew Mors, M. Mors
2571,5177048, Joe, Joe, Joe Sayler, J. Sayler
2571,5107256, Tanner, Tanner, Tanner Te Slaa, T. Te Slaa
2571,5177047, William, William, William Whorton, W. Whorton
2571,5177051, Damon, Damon, Damon Wilkinson, D. Wilkinson
2633,4684682, Jonas, Jonas, Jonas Aidoo, J. Aidoo
2633,5105555, Tobe, Tobe, Tobe Awaka, T. Awaka
2633,5113969, Cameron, Cameron, Cameron Carr, C. Carr
2633,5105558, Colin, Colin, Colin Coyne, C. Coyne
2633,5125192, Freddie, Freddie, Freddie Dilione V, F. Dilione V
2633,5105552, B.J., B.J., B.J. Edwards, B.J. Edwards
2633,5093142, J.P., J.P., J.P. Estrella, J.P. Estrella
2633,4897649, Jordan, Jordan, Jordan Gainey, J. Gainey
2633,4897332, Grant, Grant, Grant Hurst, G. Hurst
2633,4895353, D.J., D.J., D.J. Jefferson, D.J. Jefferson
2633,5107360, Kaylan, Kaylan, Kaylan Makan, K. Makan
2633,4683934, Jahmai, Jahmai, Jahmai Mashack, J. Mashack
2633,4848640, Cade, Cade, Cade Phillips, C. Phillips
2633,4702475, Isaiah, Isaiah, Isaiah Sulack, I. Sulack
2633,4883573, Zakai, Zakai, Zakai Zeigler, Z. Zeigler
2612,4898256, Brent, Brent, Brent Bland, B. Bland
2612,5113487, Roy, Roy, Roy Clarke, R. Clarke
2612,4703529, Oumar, Oumar, Oumar Diahame, O. Diahame
2612,5177149, Michael, Michael, Michael Houge, M. Houge
2612,4683865, Jaylen, Jaylen, Jaylen Murray, J. Murray
2612,4898257, Jerry, Jerry, Jerry Ngopot, J. Ngopot
2612,5106667, Elijah, Elijah, Elijah Perkins, E. Perkins
2612,4710356, Marcus, Marcus, Marcus Randolph, M. Randolph
2612,4898255, Latrell, Latrell, Latrell Reid, L. Reid
2612,5111990, Stephon, Stephon, Stephon Roberts, S. Roberts
2612,4898259, Mouhamed, Mouhamed, Mouhamed Sow, M. Sow
2612,5177150, Jaheim, Jaheim, Jaheim Tanksley, J. Tanksley
2612,5110039, Corey, Corey, Corey Washington, C. Washington
2612,4702280, Elijah, Elijah, Elijah Wood, E. Wood
2612,5177148, Armoni, Armoni, Armoni Zeigler, A. Zeigler
156,4701991, Steven, Steven, Steven Ashworth, S. Ashworth
156,4433606, John, John, John Christofilis, J. Christofilis
156,5093266, Josiah, Josiah, Josiah Dotzler, J. Dotzler
156,4431952, Francisco, Francisco, Francisco Farabello, F. Farabello
156,5105577, Jasen, Jasen, Jasen Green, J. Green
156,4576060, Ryan, Ryan, Ryan Kalkbrenner, R. Kalkbrenner
156,4433599, Arthur, Arthur, Arthur Kaluma, A. Kaluma
156,5105580, Fredrick, Fredrick, Fredrick King, F. King
156,5175356, Sterling, Sterling, Sterling Knox, S. Knox
156,4432589, Johnathan, Johnathan, Johnathan Lawson, J. Lawson
156,4683755, Mason, Mason, Mason Miller, M. Miller
156,4432059, Shereef, Shereef, Shereef Mitchell, S. Mitchell
156,4433629, Ryan, Ryan, Ryan Nembhard, R. Nembhard
156,4701553, Sami, Sami, Sami Osmani, S. Osmani
156,5105578, Ben, Ben, Ben Shtolzberg, B. Shtolzberg
156,5175358, Shane, Shane, Shane Thomas, S. Thomas
156,5175359, Josh, Josh, Josh Townley-Thomas, J. Townley-Thomas
156,4712866, Isaac, Isaac, Isaac Traudt, I. Traudt
156,5175357, Brock, Brock, Brock Vice, B. Vice
156,4897412, Zander, Zander, Zander Yates, Z. Yates
2006,4592700, Ali, Ali, Ali Ali, A. Ali
2006,5176137, Darrion, Darrion, Darrion Baker, D. Baker
2006,4609661, Mikal, Mikal, Mikal Dawson, M. Dawson
2006,5176138, Zach, Zach, Zach Halligan, Z. Halligan
2006,4433011, Sammy, Sammy, Sammy Hunter, S. Hunter
2006,4898278, Nate, Nate, Nate Johnson, N. Johnson
2006,5108059, Tavari, Tavari, Tavari Johnson, T. Johnson
2006,5108060, Amani, Amani, Amani Lyles, A. Lyles
2006,5176139, Marvin, Marvin, Marvin Musiime-Kamali, M. Musiime-Kamali
2006,5108062, Ryan, Ryan, Ryan Prather Jr., R. Prather Jr.
2006,5106652, Shammah, Shammah, Shammah Scott, S. Scott
2006,4703521, Kaleb, Kaleb, Kaleb Thornton, K. Thornton
2006,4592697, Greg, Greg, Greg Tribble, G. Tribble
2006,4898276, Evan, Evan, Evan Wilson, E. Wilson
356,5105794, Skyy, Skyy, Skyy Clark, S. Clark
356,4432189, Dain, Dain, Dain Dainja, D. Dainja
356,5105791, Jayden, Jayden, Jayden Epps, J. Epps
356,4711259, Dra, Dra, Dra Gibbs-Lawhorn, D. Gibbs-Lawhorn
356,4683743, Luke, Luke, Luke Goode, L. Goode
356,4685673, Amani, Amani, Amani Hansberry, A. Hansberry
356,4896970, Justin, Justin, Justin Harmon, J. Harmon
356,5105790, Sencire, Sencire, Sencire Harris, S. Harris
356,4432976, Coleman, Coleman, Coleman Hawkins, C. Hawkins
356,4897255, Keaton, Keaton, Keaton Kutcher, K. Kutcher
356,4684285, Brandon, Brandon, Brandon Lieb, B. Lieb
356,4683738, RJ, RJ, RJ Melendez, R. Melendez
356,5126036, Niccolo, Niccolo, Niccolo Moretti, N. Moretti
356,5121952, AJ, AJ, AJ Redd, A. Redd
356,5105792, Ty, Ty, Ty Rodgers, T. Rodgers
356,4702097, Connor, Connor, Connor Serven, C. Serven
356,4701558, Max, Max, Max Williams, M. Williams
2413,5107666, Brady, Brady, Brady Dingess, B. Dingess
2413,4432988, Mark, Mark, Mark Freeman, M. Freeman
2413,5177363, Matt, Matt, Matt Hain, M. Hain
2413,4593134, Jalen, Jalen, Jalen Hawkins, J. Hawkins
2413,4593753, Zach, Zach, Zach Iyeyemi, Z. Iyeyemi
2413,4397863, Jordan, Jordan, Jordan Lathon, J. Lathon
2413,5177360, George, George, George Marshall, G. Marshall
2413,4431781, Dieonte, Dieonte, Dieonte Miles, D. Miles
2413,5177358, Jerone, Jerone, Jerone Morton, J. Morton
2413,5177359, Eddie, Eddie, Eddie Ricks III, E. Ricks III
2413,5107667, Trent, Trent, Trent Scott, T. Scott
2413,4703260, Drew, Drew, Drew Thelwell, D. Thelwell
2413,4592912, Kalil, Kalil, Kalil Thomas, K. Thomas
2413,5177361, Jaden, Jaden, Jaden Webb, J. Webb
2413,4433123, Jalen, Jalen, Jalen Windham, J. Windham
2413,4396750, Jake, Jake, Jake Wolfe, J. Wolfe
96,4685683, Aaron, Aaron, Aaron Bradshaw, A. Bradshaw
96,5060684, Jordan, Jordan, Jordan Burks, J. Burks
96,4593032, Brennan, Brennan, Brennan Canada, B. Canada
96,4611412, Daimion, Daimion, Daimion Collins, D. Collins
96,5105282, Grant, Grant, Grant Darbyshire, G. Darbyshire
96,4397032, CJ, CJ, CJ Fredrick, C. Fredrick
96,5093254, Joey, Joey, Joey Hart, J. Hart
96,5105283, Walker, Walker, Walker Horn, W. Horn
96,5174665, Zvonimir, Zvonimir, Zvonimir Ivisic, Z. Ivisic
96,5037878, Ugonna, Ugonna, Ugonna Onyenso, U. Onyenso
96,5060631, Adou, Adou, Adou Thiero, A. Thiero
96,4683777, D.J., D.J., D.J. Wagner, D.J. Wagner
96,4433152, Lance, Lance, Lance Ware, L. Ware
96,4702469, Kareem, Kareem, Kareem Watkins, K. Watkins
96,4431725, Sahvir, Sahvir, Sahvir Wheeler, S. Wheeler
2473,5177208, Zavier, Zavier, Zavier Banks, Z. Banks
2473,5106783, Dominic, Dominic, Dominic Capriotti, D. Capriotti
2473,5177206, DQ, DQ, DQ Cole, D. Cole
2473,4702722, Chris, Chris, Chris Conway, C. Conway
2473,5106781, Cooper, Cooper, Cooper Craggs, C. Craggs
2473,5107194, Tone, Tone, Tone Hunter, T. Hunter
2473,4067423, Isaiah, Isaiah, Isaiah Jones, I. Jones
2473,4593343, Blake, Blake, Blake Lampman, B. Lampman
2473,5177207, Tuburu, Tuburu, Tuburu Naivalurua, T. Naivalurua
2473,4432449, Aundre, Aundre, Aundre Polk, A. Polk
2473,4898170, Osei, Osei, Osei Price, O. Price
2473,5177204, Michael, Michael, Michael Rogers, M. Rogers
2473,5106784, Evan, Evan, Evan Solomon, E. Solomon
2473,4702721, Trey, Trey, Trey Townsend, T. Townsend
2473,4432818, Rocket, Rocket, Rocket Watts, R. Watts
2305,4433259, K.J., K.J., K.J. Adams Jr., K.J. Adams Jr.
2305,4396957, Parker, Parker, Parker Braun, P. Braun
2305,5108099, Chris, Chris, Chris Carter, C. Carter
2305,5175890, Patrick, Patrick, Patrick Cassidy, P. Cassidy
2305,4683146, Zach, Zach, Zach Clemence, Z. Clemence
2305,5175889, Justin, Justin, Justin Cross, J. Cross
2305,4816087, Kyle, Kyle, Kyle Cuffe Jr., K. Cuffe Jr.
2305,4432180, Hunter, Hunter, Hunter Dickinson, H. Dickinson
2305,5106262, Zuby, Zuby, Zuby Ejiofor, Z. Ejiofor
2305,5106260, Wilder, Wilder, Wilder Evers, W. Evers
2305,4431983, Dajuan, Dajuan, Dajuan Harris Jr., D. Harris Jr.
2305,4872739, Elmarko, Elmarko, Elmarko Jackson, E. Jackson
2305,4592210, Michael, Michael, Michael Jankovich, M. Jankovich
2305,4897490, Charlie, Charlie, Charlie McCarthy, C. McCarthy
2305,5103571, Jamari, Jamari, Jamari McDowell, J. McDowell
2305,4683841, Bobby, Bobby, Bobby Pettiford Jr., B. Pettiford Jr.
2305,5106259, MJ, MJ, MJ Rice, M. Rice
2305,4397595, Nicolas, Nicolas, Nicolas Timberlake, N. Timberlake
2305,5106261, Ernest, Ernest, Ernest Udeh Jr., E. Udeh Jr.
2305,4897491, Dillon, Dillon, Dillon Wilhite, D. Wilhite
2305,4431856, Joseph, Joseph, Joseph Yesufu, J. Yesufu
2535,5107364, Achor, Achor, Achor Achor, A. Achor
2535,4838752, Riley, Riley, Riley Allenspach, R. Allenspach
2535,5107365, Brody, Brody, Brody Boyer, B. Boyer
2535,5176161, Jonathan, Jonathan, Jonathan Caicedo, J. Caicedo
2535,4897375, Jaden, Jaden, Jaden Campbell, J. Campbell
2535,4592827, Ques, Ques, Ques Glover, Q. Glover
2535,5176162, Dallas, Dallas, Dallas Graziani, D. Graziani
2535,4594014, Garrett, Garrett, Garrett Hicks, G. Hicks
2535,5176160, Josh, Josh, Josh Holloway, J. Holloway
2535,5107366, Joshua, Joshua, Joshua Hughes, J. Hughes
2535,4592939, Nathan, Nathan, Nathan Johnson, N. Johnson
2535,4431751, Rylan, Rylan, Rylan Jones, R. Jones
2535,5176163, Thomas, Thomas, Thomas Kizer, T. Kizer
2535,4897376, Owen, Owen, Owen LaRocca, O. LaRocca
2535,4603956, Chandler, Chandler, Chandler Leopard, C. Leopard
2535,4432284, Zach, Zach, Zach Loveday, Z. Loveday
2535,4703575, Jermaine, Jermaine, Jermaine Marshall, J. Marshall
2535,4703836, Jaron, Jaron, Jaron Rillie, J. Rillie
2535,4703837, A.J., A.J., A.J. Staton-McCray, A.J. Staton-McCray
2535,4897377, Paulie, Paulie, Paulie Stramaglia, P. Stramaglia
2535,4585616, Marcellus, Marcellus, Marcellus Vail, M. Vail
2535,5176159, Lukas, Lukas, Lukas Walls, L. Walls
2535,4703839, Grayson, Grayson, Grayson Walters, G. Walters
2250,5176259, Joaquim, Joaquim, Joaquim ArauzMoore, J. ArauzMoore
2250,4702883, Colby, Colby, Colby Brooks, C. Brooks
2250,4898367, Joe, Joe, Joe Few, J. Few
2250,4711313, Ben, Ben, Ben Gregg, B. Gregg
2250,4432198, Dominick, Dominick, Dominick Harris, D. Harris
2250,4683737, Nolan, Nolan, Nolan Hickman, N. Hickman
2250,4894445, Braden, Braden, Braden Huff, B. Huff
2250,4703396, Graham, Graham, Graham Ike, G. Ike
2250,5176258, Luka, Luka, Luka Krajnovic, L. Krajnovic
2250,4433629, Ryan, Ryan, Ryan Nembhard, R. Nembhard
2250,4433594, Efton, Efton, Efton Reid III, E. Reid III
2250,4433281, Hunter, Hunter, Hunter Sallis, H. Sallis
2250,5176260, Pavle, Pavle, Pavle Stosic, P. Stosic
2250,4685662, Dusty, Dusty, Dusty Stromer, D. Stromer
2250,4592579, Steele, Steele, Steele Venters, S. Venters
2250,5176261, Jun Seok, Jun Seok, Jun Seok Yeo, J. Yeo
2377,5107300, Roberts, Roberts, Roberts Berze, R. Berze
2377,4897558, Rashad, Rashad, Rashad Bolden, R. Bolden
2377,4845366, T'Johnn, T'Johnn, T'Johnn Brown, T. Brown
2377,4432856, Antavion, Antavion, Antavion Collum, A. Collum
2377,5176641, Omar, Omar, Omar Cooper, O. Cooper
2377,4592180, CJ, CJ, CJ Felder, C. Felder
2377,5107303, Wesley, Wesley, Wesley Fields, W. Fields
2377,4701125, Javohn, Javohn, Javohn Garcia, J. Garcia
2377,4398322, Cameron, Cameron, Cameron Jones, C. Jones
2377,5176643, Nasir, Nasir, Nasir Mann, N. Mann
2377,4897338, Johnathan, Johnathan, Johnathan Massie, J. Massie
2377,5176642, Seth, Seth, Seth Mays, S. Mays
2377,5107298, Donovan, Donovan, Donovan Oday, D. Oday
2377,5106843, DJ, DJ, DJ Richards Jr., D. Richards Jr.
2377,4432403, Mike, Mike, Mike Saunders Jr., M. Saunders Jr.
2377,4701228, Christian, Christian, Christian Shumate, C. Shumate
2377,5107301, Dionjahe, Dionjahe, Dionjahe Thomas, D. Thomas
252,5142326, Marcus, Marcus, Marcus Adams, M. Adams
252,4896973, Atiki, Atiki, Atiki Ally Atiki, A. Ally Atiki
252,4702626, Dawson, Dawson, Dawson Baker, D. Baker
252,4905776, Tredyn, Tredyn, Tredyn Christensen, T. Christensen
252,5105464, Dallin, Dallin, Dallin Hall, D. Hall
252,5105463, Tanner, Tanner, Tanner Hayhurst, T. Hayhurst
252,4701219, Spencer, Spencer, Spencer Johnson, S. Johnson
252,4702739, Aly, Aly, Aly Khalifa, A. Khalifa
252,4593744, Trevin, Trevin, Trevin Knell, T. Knell
252,5105466, Jared, Jared, Jared McGregor, J. McGregor
252,4702528, Jaxson, Jaxson, Jaxson Robinson, J. Robinson
252,5105462, Richie, Richie, Richie Saunders, R. Saunders
252,4896971, Trey, Trey, Trey Stewart, T. Stewart
252,5105461, Tanner, Tanner, Tanner Toolson, T. Toolson
252,4712348, Fousseyni, Fousseyni, Fousseyni Traore, F. Traore
252,4701220, Townsend, Townsend, Townsend Tripple, T. Tripple
252,4702703, Noah, Noah, Noah Waterman, N. Waterman
2184,5174583, Ethan, Ethan, Ethan Anish, E. Anish
2184,4432520, Andy, Andy, Andy Barba, A. Barba
2184,5105882, Halil, Halil, Halil Barre, H. Barre
2184,5105884, Devin, Devin, Devin Carney, D. Carney
2184,5105880, Jimmy, Jimmy, Jimmy Clark III, J. Clark III
2184,4700875, Jaylen, Jaylen, Jaylen Cole-Williams, J. Cole-Williams
2184,5174586, Jake, Jake, Jake DiMichele, J. DiMichele
2184,5105881, David, David, David Dixon, D. Dixon
2184,4432970, Fousseyni, Fousseyni, Fousseyni Drame, F. Drame
2184,4593387, Hassan, Hassan, Hassan Drame, H. Drame
2184,4398159, Kevin, Kevin, Kevin Easley Jr., K. Easley Jr.
2184,4593444, Dae Dae, Dae Dae, Dae Dae Grant, D. Grant
2184,5105883, Matus, Matus, Matus Hronsky, M. Hronsky
2184,4703903, Dusan, Dusan, Dusan Mahorcic, D. Mahorcic
2184,5174585, Seamus, Seamus, Seamus McDermott, S. McDermott
2184,5174582, Jakub, Jakub, Jakub Necas, J. Necas
2184,5174587, Kailon, Kailon, Kailon Nicholls, K. Nicholls
2184,5174584, Lucas, Lucas, Lucas Perusek, L. Perusek
2184,5105885, Kareem, Kareem, Kareem Rozier, K. Rozier
2184,4433073, Andrei, Andrei, Andrei Savrasov, A. Savrasov
2184,4432147, Tre, Tre, Tre Williams, T. Williams
2579,4593067, Ja'Von, Ja'Von, Ja'Von Benson, J. Benson
2579,4592607, Benjamin, Benjamin, Benjamin Bosmans-Verdonk, B. Bosmans-Verdonk
2579,4593683, Chico, Chico, Chico Carter Jr., C. Carter Jr.
2579,4593469, Stephen, Stephen, Stephen Clark, S. Clark
2579,5093265, Arden, Arden, Arden Conyers, A. Conyers
2579,4592710, Ford, Ford, Ford Cooper, F. Cooper
2579,5105548, Zachary, Zachary, Zachary Davis, Z. Davis
2579,4397504, Ebrima, Ebrima, Ebrima Dibba, E. Dibba
2579,5174295, Danny, Danny, Danny Grajzl, D. Grajzl
2579,4706679, Josh, Josh, Josh Gray, J. Gray
2579,5105551, Daniel, Daniel, Daniel Hankins-Sanford, D. Hankins-Sanford
2579,4685653, Austin, Austin, Austin Herro, A. Herro
2579,4710770, Meechie, Meechie, Meechie Johnson, M. Johnson
2579,4431837, B.J., B.J., B.J. Mack, B.J. Mack
2579,4712656, Tre-Vaughn, Tre-Vaughn, Tre-Vaughn Minott, T. Minott
2579,5093267, Collin, Collin, Collin Murray-Boyles, C. Murray-Boyles
2579,5105549, Eli, Eli, Eli Sparkman, E. Sparkman
2579,4433340, Myles, Myles, Myles Stute, M. Stute
2579,5174294, Morris, Morris, Morris Ugusuk, M. Ugusuk
2579,4683836, Jacobi, Jacobi, Jacobi Wright, J. Wright
2483,5105621, Keeshawn, Keeshawn, Keeshawn Barthelemy, K. Barthelemy
2483,4432586, Nate, Nate, Nate Bittle, N. Bittle
2483,4898117, Ethan, Ethan, Ethan Butler, E. Butler
2483,4683767, Mookie, Mookie, Mookie Cook, M. Cook
2483,4912212, James, James, James Cooper, J. Cooper
2483,4432875, Mahamadou, Mahamadou, Mahamadou Diawara, M. Diawara
2483,4683769, Kwame, Kwame, Kwame Evans Jr., K. Evans Jr.
2483,5175015, Jack, Jack, Jack Farnham, J. Farnham
2483,5189477, Kaleb, Kaleb, Kaleb McCloud, K. McCloud
2483,4896463, Kario, Kario, Kario Oquendo, K. Oquendo
2483,4702388, Gabe, Gabe, Gabe Reichle, G. Reichle
2483,5105622, Brennan, Brennan, Brennan Rigsby, B. Rigsby
2483,4845361, Jackson, Jackson, Jackson Shelstad, J. Shelstad
2483,4898116, Rivaldo, Rivaldo, Rivaldo Soares, R. Soares
2483,4701030, Jadrian, Jadrian, Jadrian Tracey, J. Tracey
2483,5184330, Andre, Andre, Andre Warren, A. Warren
2483,5105620, Tyrone, Tyrone, Tyrone Williams, T. Williams
2483,4565434, Lok, Lok, Lok Wur, L. Wur
2483,4897759, Jesse, Jesse, Jesse Zarzuela, J. Zarzuela
2641,4897776, KJ, KJ, KJ Allen, K. Allen
2641,4683631, Daniel, Daniel, Daniel Batcho, D. Batcho
2641,4567588, Devan, Devan, Devan Cambridge, D. Cambridge
2641,5106288, Elijah, Elijah, Elijah Fisher, E. Fisher
2641,5175077, Jack, Jack, Jack Francis, J. Francis
2641,5106285, Pop, Pop, Pop Isaacs, P. Isaacs
2641,5106286, Robert, Robert, Robert Jennings, R. Jennings
2641,5105531, KyeRon, KyeRon, KyeRon Lindsay, K. Lindsay
2641,4702027, Chance, Chance, Chance McMillian, C. McMillian
2641,4711281, Drew, Drew, Drew Steffe, D. Steffe
2641,4432880, Joe, Joe, Joe Toussaint, J. Toussaint
2641,4567079, Kerwin, Kerwin, Kerwin Walton, K. Walton
2641,5106284, Lamar, Lamar, Lamar Washington, L. Washington
2641,5106287, CJ, CJ, CJ Williams, C. Williams
2641,4702065, D'Maurian, D'Maurian, D'Maurian Williams, D. Williams
2641,4937074, Darrion, Darrion, Darrion Williams, D. Williams
2641,5175078, Eemeli, Eemeli, Eemeli Yalaho, E. Yalaho
152,4397152, Jack, Jack, Jack Clark, J. Clark
152,4432447, Ebenezer, Ebenezer, Ebenezer Dowuona, E. Dowuona
152,4431711, Greg, Greg, Greg Gantt Jr., G. Gantt Jr.
152,5105429, KJ, KJ, KJ Keatts, K. Keatts
152,4703903, Dusan, Dusan, Dusan Mahorcic, D. Mahorcic
152,4684998, Ben, Ben, Ben Middlebrooks, B. Middlebrooks
152,5121428, Isaiah, Isaiah, Isaiah Miranda, I. Miranda
152,4431704, Casey, Casey, Casey Morsell, C. Morsell
152,4897398, Alex, Alex, Alex Nunnally, A. Nunnally
152,4683635, Michael, Michael, Michael O'Connell, M. O'Connell
152,4848630, Dennis, Dennis, Dennis Parker Jr., D. Parker Jr.
152,4697269, Breon, Breon, Breon Pass, B. Pass
152,5106259, MJ, MJ, MJ Rice, M. Rice
152,4683542, Ernest, Ernest, Ernest Ross, E. Ross
152,5105430, Jordan, Jordan, Jordan Snell, J. Snell
152,4589483, Jayden, Jayden, Jayden Taylor, J. Taylor
152,4683842, LJ, LJ, LJ Thomas, L. Thomas
152,4702046, Kam, Kam, Kam Woods, K. Woods
2168,4711268, Marvel, Marvel, Marvel Allen, M. Allen
2168,4711607, Mustapha, Mustapha, Mustapha Amzil, M. Amzil
2168,5106599, Javon, Javon, Javon Bennett, J. Bennett
2168,4700864, R.J., R.J., R.J. Blakney, R.J. Blakney
2168,4591259, Koby, Koby, Koby Brea, K. Brea
2168,4703000, Enoch, Enoch, Enoch Cheeks, E. Cheeks
2168,5174575, Evan, Evan, Evan Dickey, E. Dickey
2168,4683135, Kobe, Kobe, Kobe Elvis, K. Elvis
2168,5174578, Makai, Makai, Makai Grant, M. Grant
2168,5108762, Isaac, Isaac, Isaac Jack, I. Jack
2168,5174577, Will, Will, Will Maxwell, W. Maxwell
2168,4603668, CJ, CJ, CJ Napier, C. Napier
2168,4618121, Zimi, Zimi, Zimi Nwokeji, Z. Nwokeji
2168,5174576, Petras, Petras, Petras Padegimas, P. Padegimas
2168,4433585, Nate, Nate, Nate Santos, N. Santos
2168,5105874, Atticus, Atticus, Atticus Schuler, A. Schuler
2168,5105875, Mike, Mike, Mike Sharavjamts, M. Sharavjamts
2168,5174574, Jaiun, Jaiun, Jaiun Simon, J. Simon
2168,4683861, Malachi, Malachi, Malachi Smith, M. Smith
2168,4897094, Brady, Brady, Brady Uhl, B. Uhl
2440,4703196, Jeriah, Jeriah, Jeriah Coleman, J. Coleman
2440,4433217, Tre, Tre, Tre Coleman, T. Coleman
2440,4699440, Nick, Nick, Nick Davidson, N. Davidson
2440,5107755, John, John, John Flannigan, J. Flannigan
2440,4702876, Daniel, Daniel, Daniel Foster, D. Foster
2440,4685682, Jazz, Jazz, Jazz Gardner, J. Gardner
2440,5176228, Isaac, Isaac, Isaac Hymes, I. Hymes
2440,4397343, K.J., K.J., K.J. Hymes, K.J. Hymes
2440,4592948, Hunter, Hunter, Hunter McIntosh, H. McIntosh
2440,4712835, Trey, Trey, Trey Pettigrew, T. Pettigrew
2440,4593827, Tylan, Tylan, Tylan Pope, T. Pope
2440,4684146, Tyler, Tyler, Tyler Powell, T. Powell
2440,5176227, Amire, Amire, Amire Robinson, A. Robinson
2440,4845370, Tyler, Tyler, Tyler Rolison, T. Rolison
2440,5107754, Snookey, Snookey, Snookey Wigington, S. Wigington
2440,4937074, Darrion, Darrion, Darrion Williams, D. Williams
251,5106281, Alex, Alex, Alex Anamekwe, A. Anamekwe
251,4897760, Cole, Cole, Cole Bott, C. Bott
251,5106280, Rowan, Rowan, Rowan Brumbaugh, R. Brumbaugh
251,5106282, Preston, Preston, Preston Clark, P. Clark
251,4397079, Brock, Brock, Brock Cunningham, B. Cunningham
251,4397401, Ithiel, Ithiel, Ithiel Horton, I. Horton
251,4683751, Tyrese, Tyrese, Tyrese Hunter, T. Hunter
251,5175069, Chris, Chris, Chris Johnson, C. Johnson
251,5106283, Dillon, Dillon, Dillon Mitchell, D. Mitchell
251,4703082, Ze'Rik, Ze'Rik, Ze'Rik Onyema, Z. Onyema
251,4863516, Gavin, Gavin, Gavin Perryman, G. Perryman
251,5175070, Jackson, Jackson, Jackson Prince, J. Prince
251,5152761, Devon, Devon, Devon Pryor, D. Pryor
251,4431710, Kadin, Kadin, Kadin Shedrick, K. Shedrick
251,5105486, Chendall, Chendall, Chendall Weaver, C. Weaver
265,4596365, TJ, TJ, TJ Bamba, T. Bamba
265,5174971, Rueben, Rueben, Rueben Chinyelu, R. Chinyelu
265,5174973, Oscar, Oscar, Oscar Cluff, O. Cluff
265,5105658, Dylan, Dylan, Dylan Darling, D. Darling
265,5105656, Adrame, Adrame, Adrame Diongue, A. Diongue
265,5117606, Parker, Parker, Parker Gerrits, P. Gerrits
265,5105659, Kymany, Kymany, Kymany Houinsou, K. Houinsou
265,4432926, Dishon, Dishon, Dishon Jackson, D. Jackson
265,4702466, Andrej, Andrej, Andrej Jakimovski, A. Jakimovski
265,5105655, Braden, Braden, Braden Korpela, B. Korpela
265,5105653, Shae, Shae, Shae Korpela, S. Korpela
265,5174972, AJ, AJ, AJ LaBeau, A. LaBeau
265,5060690, Spencer, Spencer, Spencer Mahoney, S. Mahoney
265,4701181, Jabe, Jabe, Jabe Mullins, J. Mullins
265,4592673, Ben, Ben, Ben Olesen, B. Olesen
265,4709133, Myles, Myles, Myles Rice, M. Rice
265,5105657, AJ, AJ, AJ Rohosy, A. Rohosy
265,4702465, Carlos, Carlos, Carlos Rosario, C. Rosario
265,5174970, Isaiah, Isaiah, Isaiah Watts, I. Watts
265,2517081, Jack, Jack, Jack Wilson, J. Wilson
265,4431856, Joseph, Joseph, Joseph Yesufu, J. Yesufu
2181,5107963, Andrew, Andrew, Andrew Alia, A. Alia
2181,4858617, Patrick, Patrick, Patrick Bath, P. Bath
2181,4397121, Darnell, Darnell, Darnell Brodie, D. Brodie
2181,4837238, Tucker, Tucker, Tucker DeVries, T. DeVries
2181,4592679, Okay, Okay, Okay Djamgouz, O. Djamgouz
2181,4897451, Conor, Conor, Conor Enright, C. Enright
2181,4432981, Nate, Nate, Nate Ferguson, N. Ferguson
2181,5176316, Bennett, Bennett, Bennett Fried, B. Fried
2181,5176315, Colby, Colby, Colby Garland, C. Garland
2181,5105489, Kyron, Kyron, Kyron Gibson, K. Gibson
2181,5107962, Brashon, Brashon, Brashon Hall, B. Hall
2181,4845362, Chico, Chico, Chico Johnson, C. Johnson
2181,4708992, Eric, Eric, Eric Northweather, E. Northweather
2181,5176314, Kevin, Kevin, Kevin Overton, K. Overton
2181,5176317, Elijah, Elijah, Elijah Price, E. Price
2181,5108811, Ethan, Ethan, Ethan Roberts, E. Roberts
2181,4702465, Carlos, Carlos, Carlos Rosario, C. Rosario
2181,4702491, Atin, Atin, Atin Wright, A. Wright
344,5174316, Harrison, Harrison, Harrison Alexander, H. Alexander
344,4592485, Jimmy, Jimmy, Jimmy Bell Jr., J. Bell Jr.
344,4685688, Gai, Gai, Gai Chol, G. Chol
344,4898119, Dashawn, Dashawn, Dashawn Davis, D. Davis
344,4703411, Trey, Trey, Trey Fort, T. Fort
344,5105538, Kimani, Kimani, Kimani Hamilton, K. Hamilton
344,4895740, Josh, Josh, Josh Hubbard, J. Hubbard
344,5174318, Trey, Trey, Trey Jackson III, T. Jackson III
344,5105540, Shawn, Shawn, Shawn Jones Jr., S. Jones Jr.
344,4432394, Cameron, Cameron, Cameron Matthews, C. Matthews
344,4396012, Will, Will, Will McNair Jr., W. McNair Jr.
344,4602027, Shakeel, Shakeel, Shakeel Moore, S. Moore
344,4683756, KeShawn, KeShawn, KeShawn Murphy, K. Murphy
344,5142584, Adrian, Adrian, Adrian Myers, A. Myers
344,5105539, Martavious, Martavious, Martavious Russell, M. Russell
344,5174317, Jaquan, Jaquan, Jaquan Scott, J. Scott
344,4593015, Isaac, Isaac, Isaac Stansbury, I. Stansbury
344,4592859, Andrew, Andrew, Andrew Taylor, A. Taylor
127,4683730, Jaden, Jaden, Jaden Akins, J. Akins
127,4711304, Xavier, Xavier, Xavier Booker, X. Booker
127,4683731, Pierre, Pierre, Pierre Brooks, P. Brooks
127,4872740, Coen, Coen, Coen Carr, C. Carr
127,5105817, Carson, Carson, Carson Cooper, C. Cooper
127,4711255, Jeremy, Jeremy, Jeremy Fears Jr., J. Fears Jr.
127,4432206, A.J., A.J., A.J. Hoggard, A.J. Hoggard
127,5105816, Tre, Tre, Tre Holloman, T. Holloman
127,4592692, Steven, Steven, Steven Izzo, S. Izzo
127,5105815, Jaxon, Jaxon, Jaxon Kohler, J. Kohler
127,5086370, Gehrig, Gehrig, Gehrig Normand, G. Normand
127,5105818, Nick, Nick, Nick Sanders, N. Sanders
127,4433154, Mady, Mady, Mady Sissoko, M. Sissoko
127,4702244, Davis, Davis, Davis Smith, D. Smith
41,4432934, Nahiem, Nahiem, Nahiem Alleyne, N. Alleyne
41,4895737, Solomon, Solomon, Solomon Ball, S. Ball
41,4433160, Hassan, Hassan, Hassan Diarra, H. Diarra
41,5105564, Yarin, Yarin, Yarin Hasson, Y. Hasson
41,4702022, Andrew, Andrew, Andrew Hurley, A. Hurley
41,4683752, Samson, Samson, Samson Johnson, S. Johnson
41,5105567, Andre, Andre, Andre Johnson Jr., A. Johnson Jr.
41,4917149, Alex, Alex, Alex Karaban, A. Karaban
41,4895753, Jayden, Jayden, Jayden Ross, J. Ross
41,5105566, Apostolos, Apostolos, Apostolos Roumoglou, A. Roumoglou
41,5102797, Youssouf, Youssouf, Youssouf Singare, Y. Singare
41,4592905, Richie, Richie, Richie Springs, R. Springs
41,4685647, Jaylin, Jaylin, Jaylin Stewart, J. Stewart
56,5177680, Landen, Landen, Landen Babusiak, L. Babusiak
56,4683853, Jalen, Jalen, Jalen Blackmon, J. Blackmon
56,4432875, Mahamadou, Mahamadou, Mahamadou Diawara, M. Diawara
56,5177677, Alex, Alex, Alex Doyle, A. Doyle
56,4897618, Aubin, Aubin, Aubin Gateretse, A. Gateretse
56,4845379, Tristan, Tristan, Tristan Gross, T. Gross
56,5107095, Cyncier, Cyncier, Cyncier Harrison, C. Harrison
56,5107096, Jackson, Jackson, Jackson Huxtable, J. Huxtable
56,5177676, Isaac, Isaac, Isaac Jones, I. Jones
56,5177675, Bruce, Bruce, Bruce Kanno, B. Kanno
56,5177679, Naeem, Naeem, Naeem Lewis, N. Lewis
56,4702696, Alec, Alec, Alec Oglesby, A. Oglesby
56,4592296, Wheza, Wheza, Wheza Panzo, W. Panzo
56,5177678, Finley, Finley, Finley Sheridan, F. Sheridan
56,4700859, Josh, Josh, Josh Smith, J. Smith
56,4700860, Stephan, Stephan, Stephan Swenson, S. Swenson
56,4610141, Treyton, Treyton, Treyton Thompson, T. Thompson
56,4897621, Alvin, Alvin, Alvin Tumblin, A. Tumblin
56,4700857, Giancarlo, Giancarlo, Giancarlo Valdez, G. Valdez
2509,4702333, Carson, Carson, Carson Barrett, C. Barrett
2509,5105857, Will, Will, Will Berg, W. Berg
2509,4894452, Myles, Myles, Myles Colvin, M. Colvin
2509,4433598, Caleb, Caleb, Caleb Furst, C. Furst
2509,5174803, Josh, Josh, Josh Furst, J. Furst
2509,4431753, Mason, Mason, Mason Gillis, M. Gillis
2509,5105855, Camden, Camden, Camden Heide, C. Heide
2509,4897438, Trey, Trey, Trey Kaufman-Renn, T. Kaufman-Renn
2509,5105856, Sam, Sam, Sam King, S. King
2509,5105853, Fletcher, Fletcher, Fletcher Loyer, F. Loyer
2509,4702334, Chase, Chase, Chase Martin, C. Martin
2509,4433151, Ethan, Ethan, Ethan Morton, E. Morton
2509,4592726, Brandon, Brandon, Brandon Newman, B. Newman
2509,5174804, Jace, Jace, Jace Rayl, J. Rayl
2509,5105854, Braden, Braden, Braden Smith, B. Smith
2509,4823976, Brian, Brian, Brian Waddell, B. Waddell
248,5106059, Terrance, Terrance, Terrance Arceneaux, T. Arceneaux
248,4433149, L.J., L.J., L.J. Cryer, L.J. Cryer
248,4431946, Damian, Damian, Damian Dunn, D. Dunn
248,4701204, Ryan, Ryan, Ryan Elvin, R. Elvin
248,4684301, Ja'Vier, Ja'Vier, Ja'Vier Francis, J. Francis
248,5070506, Kordelius, Kordelius, Kordelius Jefferson, K. Jefferson
248,5117524, Cedric, Cedric, Cedric Lath, C. Lath
248,4432243, Tramon, Tramon, Tramon Mark, T. Mark
248,5095062, Jacob, Jacob, Jacob McFarland, J. McFarland
248,4433068, J'Wan, J'Wan, J'Wan Roberts, J. Roberts
248,5106058, Emanuel, Emanuel, Emanuel Sharp, E. Sharp
248,5060700, Joseph, Joseph, Joseph Tugler, J. Tugler
248,4708176, Ramon, Ramon, Ramon Walker Jr., R. Walker Jr.
248,4432902, Mylik, Mylik, Mylik Wilson, M. Wilson
2344,5175669, Jaylen, Jaylen, Jaylen Benard, J. Benard
2344,5175664, Gavin, Gavin, Gavin Burns, G. Burns
2344,4431827, Michael, Michael, Michael Christmas, M. Christmas
2344,4897636, Jaylani, Jaylani, Jaylani Darden, J. Darden
2344,5107530, Mateo, Mateo, Mateo Esmeraldo, M. Esmeraldo
2344,4702126, Jesper, Jesper, Jesper Granlund, J. Granlund
2344,4897637, Trey, Trey, Trey Hicks, T. Hicks
2344,4585602, DA, DA, DA Houston, D. Houston
2344,4432036, Nate, Nate, Nate Lliteras, N. Lliteras
2344,4897338, Johnathan, Johnathan, Johnathan Massie, J. Massie
2344,5175668, Zach, Zach, Zach Murphy, Z. Murphy
2344,4897557, Walyn, Walyn, Walyn Napper, W. Napper
2344,4432064, Leslie, Leslie, Leslie Nkereuwem, L. Nkereuwem
2344,5175667, Leo, Leo, Leo Nordberg, L. Nordberg
2344,5175666, Johan, Johan, Johan Nziemi, J. Nziemi
2344,5175665, Emanuel, Emanuel, Emanuel Richards, E. Richards
2344,5107532, Adeola, Adeola, Adeola Seun, A. Seun
2344,5106049, Saxby, Saxby, Saxby Sunderland, S. Sunderland
2344,4684309, Elijah, Elijah, Elijah Tucker, E. Tucker
2344,4701993, Szymon, Szymon, Szymon Zapala, S. Zapala
269,4895777, Al, Al, Al Amadou, A. Amadou
269,4897414, Cameron, Cameron, Cameron Brown, C. Brown
269,5119398, Jake, Jake, Jake Ciardo, J. Ciardo
269,4698721, Emarion, Emarion, Emarion Ellis, E. Ellis
269,5105599, Ben, Ben, Ben Gold, B. Gold
269,5175364, Caedin, Caedin, Caedin Hamilton, C. Hamilton
269,4684207, Keeyan, Keeyan, Keeyan Itejere, K. Itejere
269,4697268, Kam, Kam, Kam Jones, K. Jones
269,5105600, Sean, Sean, Sean Jones, S. Jones
269,4684306, David, David, David Joplin, D. Joplin
269,4895750, Zaide, Zaide, Zaide Lowery, Z. Lowery
269,5105602, Jonah, Jonah, Jonah Lucas, J. Lucas
269,4683840, Stevie, Stevie, Stevie Mitchell, S. Mitchell
269,4895745, Tre, Tre, Tre Norman, T. Norman
269,5175365, Casey, Casey, Casey O'Malley, C. O'Malley
269,5175366, Jack, Jack, Jack Riley, J. Riley
269,5105598, Chase, Chase, Chase Ross, C. Ross
269,5113264, RJ, RJ, RJ Walson, R. Walson
269,4405311, Zach, Zach, Zach Wrightsil, Z. Wrightsil
98,4431741, Dontaie, Dontaie, Dontaie Allen, D. Allen
98,5106839, Fallou, Fallou, Fallou Diagne, F. Diagne
98,5106840, Jaylen, Jaylen, Jaylen Dorsey, J. Dorsey
98,5176778, Jack, Jack, Jack Edelen, J. Edelen
98,4897000, Babacar, Babacar, Babacar Faye, B. Faye
98,4433010, Rodney, Rodney, Rodney Howard, R. Howard
98,4592869, Jalen, Jalen, Jalen Jackson, J. Jackson
98,5176779, Enoch, Enoch, Enoch Kalambay, E. Kalambay
98,4702150, Khristian, Khristian, Khristian Lander, K. Lander
98,4702141, BJ, BJ, BJ Marable, B. Marable
98,5106841, Tyrone, Tyrone, Tyrone Marshall Jr., T. Marshall Jr.
98,4903216, Don, Don, Don McHenry, D. McHenry
98,4574710, Dayvion, Dayvion, Dayvion McKnight, D. McKnight
98,4897693, Darrius, Darrius, Darrius Miles, D. Miles
98,5176780, Teagan, Teagan, Teagan Moore, T. Moore
98,4897301, Terrion, Terrion, Terrion Murdix, T. Murdix
98,4592726, Brandon, Brandon, Brandon Newman, B. Newman
98,4897694, Tyler, Tyler, Tyler Olden, T. Olden
98,4593292, Jordan, Jordan, Jordan Rawls, J. Rawls
98,4703073, Noah, Noah, Noah Stansbury, N. Stansbury
239,5175026, Omar, Omar, Omar Adegbola, O. Adegbola
239,4601289, Dale, Dale, Dale Bonner, D. Bonner
239,4433149, L.J., L.J., L.J. Cryer, L.J. Cryer
239,5105376, Dantwan, Dantwan, Dantwan Grimes, D. Grimes
239,5033017, Miro, Miro, Miro Little, M. Little
239,4433265, Langston, Langston, Langston Love, L. Love
239,4432284, Zach, Zach, Zach Loveday, Z. Loveday
239,5175027, Yanis, Yanis, Yanis Ndjonga, Y. Ndjonga
239,4896614, Jayden, Jayden, Jayden Nunn, J. Nunn
239,4894236, Josh, Josh, Josh Ojianwuna, J. Ojianwuna
239,4701188, Austin, Austin, Austin Sacks, A. Sacks
239,4397436, Jonathan, Jonathan, Jonathan Tchamwa Tchatchoua, J. Tchamwa Tchatchoua
239,4592207, Jordan, Jordan, Jordan Turner, J. Turner
2142,5177187, Samson, Samson, Samson Aletan, S. Aletan
2142,5107175, Devon, Devon, Devon Arlington, D. Arlington
2142,4707015, Chandler, Chandler, Chandler Baker, C. Baker
2142,4702502, Alex, Alex, Alex Capitano, A. Capitano
2142,5107704, Kyle, Kyle, Kyle Carlesimo, K. Carlesimo
2142,5176046, Jalen, Jalen, Jalen Cox, J. Cox
2142,5105671, Brady, Brady, Brady Cummins, B. Cummins
2142,4898248, Yassine, Yassine, Yassine Gharram, Y. Gharram
2142,5176048, Parker, Parker, Parker Jones, P. Jones
2142,4898246, Matt, Matt, Matt Knowling, M. Knowling
2142,4898245, Luke, Luke, Luke Kolaja, L. Kolaja
2142,4897909, Nicolas, Nicolas, Nicolas Louis-Jacques, N. Louis-Jacques
2142,4593361, August, August, August Mahoney, A. Mahoney
2142,4898237, Bez, Bez, Bez Mbeng, B. Mbeng
2142,4593087, Ryan, Ryan, Ryan Moffatt, R. Moffatt
2142,4898244, Jack, Jack, Jack Molloy, J. Molloy
2142,5177185, Trevor, Trevor, Trevor Mullin, T. Mullin
2142,4898238, John, John, John Poulakidas, J. Poulakidas
2142,4593089, Keegan, Keegan, Keegan Records, K. Records
2142,4898241, Teo, Teo, Teo Rice, T. Rice
2142,5176045, Julian, Julian, Julian Scott, J. Scott
2142,4432692, Casey, Casey, Casey Simmons, C. Simmons
2142,5105672, Braeden, Braeden, Braeden Smith, B. Smith
2142,4702501, Sam, Sam, Sam Thomson, S. Thomson
2142,5107174, Nick, Nick, Nick Townsend, N. Townsend
2142,5107173, Danny, Danny, Danny Wolf, D. Wolf
2142,4702503, Jeff, Jeff, Jeff Woodward, J. Woodward
2142,5176047, Cooper, Cooper, Cooper Wright, C. Wright
2142,5176049, Sam, Sam, Sam Wright, S. Wright
2,4431873, Babatunde, Babatunde, Babatunde Akingbola, B. Akingbola
2,5105526, Haston, Haston, Haston Alexander, H. Alexander
2,4897532, Chad, Chad, Chad Baker-Mazara, C. Baker-Mazara
2,4592748, Lior, Lior, Lior Berman, L. Berman
2,4433569, Johni, Johni, Johni Broome, J. Broome
2,4433174, Dylan, Dylan, Dylan Cardwell, D. Cardwell
2,5174656, Lucas, Lucas, Lucas Clanton, L. Clanton
2,4592253, Jalen, Jalen, Jalen Harper, J. Harper
2,4684276, Aden, Aden, Aden Holloway, A. Holloway
2,5174655, Chaney, Chaney, Chaney Johnson, C. Johnson
2,4432363, K.D., K.D., K.D. Johnson, K.D. Johnson
2,4897493, Denver, Denver, Denver Jones, D. Jones
2,4603956, Chandler, Chandler, Chandler Leopard, C. Leopard
2,4433200, Chris, Chris, Chris Moore, C. Moore
2,5174652, Blake, Blake, Blake Muschalek, B. Muschalek
2,5105524, Presley, Presley, Presley Patterson, P. Patterson
2,5174654, Addarin, Addarin, Addarin Scott, A. Scott
2,4706859, Carter, Carter, Carter Sobera, C. Sobera
2,4869741, Yohan, Yohan, Yohan Traore, Y. Traore
2,5174653, Reed, Reed, Reed Trapp, R. Trapp
2,4683680, Chance, Chance, Chance Westry, C. Westry
2,5106287, CJ, CJ, CJ Williams, C. Williams
43,5177187, Samson, Samson, Samson Aletan, S. Aletan
43,5107175, Devon, Devon, Devon Arlington, D. Arlington
43,4707015, Chandler, Chandler, Chandler Baker, C. Baker
43,4898247, Yussif, Yussif, Yussif Basa-Ama, Y. Basa-Ama
43,5177186, Jeannot, Jeannot, Jeannot Basima, J. Basima
43,4898240, Emir, Emir, Emir Buyukhanli, E. Buyukhanli
43,5107704, Kyle, Kyle, Kyle Carlesimo, K. Carlesimo
43,4398012, Matthue, Matthue, Matthue Cotton, M. Cotton
43,5176046, Jalen, Jalen, Jalen Cox, J. Cox
43,4898248, Yassine, Yassine, Yassine Gharram, Y. Gharram
43,4431872, EJ, EJ, EJ Jarvis, E. Jarvis
43,5176048, Parker, Parker, Parker Jones, P. Jones
43,4898246, Matt, Matt, Matt Knowling, M. Knowling
43,4898245, Luke, Luke, Luke Kolaja, L. Kolaja
43,4897909, Nicolas, Nicolas, Nicolas Louis-Jacques, N. Louis-Jacques
43,4593361, August, August, August Mahoney, A. Mahoney
43,4898237, Bez, Bez, Bez Mbeng, B. Mbeng
43,4593087, Ryan, Ryan, Ryan Moffatt, R. Moffatt
43,4898244, Jack, Jack, Jack Molloy, J. Molloy
43,5177185, Trevor, Trevor, Trevor Mullin, T. Mullin
43,4898238, John, John, John Poulakidas, J. Poulakidas
43,4593089, Keegan, Keegan, Keegan Records, K. Records
43,4898241, Teo, Teo, Teo Rice, T. Rice
43,5176045, Julian, Julian, Julian Scott, J. Scott
43,4432692, Casey, Casey, Casey Simmons, C. Simmons
43,5105672, Braeden, Braeden, Braeden Smith, B. Smith
43,4702501, Sam, Sam, Sam Thomson, S. Thomson
43,5107174, Nick, Nick, Nick Townsend, N. Townsend
43,5107173, Danny, Danny, Danny Wolf, D. Wolf
43,4702503, Jeff, Jeff, Jeff Woodward, J. Woodward
43,5176047, Cooper, Cooper, Cooper Wright, C. Wright
43,5176049, Sam, Sam, Sam Wright, S. Wright
150,4431890, Neal, Neal, Neal Begovich, N. Begovich
150,4683735, Jaylen, Jaylen, Jaylen Blakes, J. Blakes
150,4897107, Stanley, Stanley, Stanley Borden, S. Borden
150,4711256, Caleb, Caleb, Caleb Foster, C. Foster
150,4897108, Spencer, Spencer, Spencer Hubbard, S. Hubbard
150,4433285, Mark, Mark, Mark Mitchell, M. Mitchell
150,4684843, TJ, TJ, TJ Power, T. Power
150,5023693, Tyrese, Tyrese, Tyrese Proctor, T. Proctor
150,5105444, Christian, Christian, Christian Reeves, C. Reeves
150,4433135, Jeremy, Jeremy, Jeremy Roach, J. Roach
150,4712846, Jaden, Jaden, Jaden Schutt, J. Schutt
150,4869739, Sean, Sean, Sean Stewart, S. Stewart
150,4397232, Ryan, Ryan, Ryan Young, R. Young
261,4898006, Sam, Sam, Sam Alamutu, S. Alamutu
261,4701259, Ileri, Ileri, Ileri Ayo-Faleye, I. Ayo-Faleye
261,4895789, Noah, Noah, Noah Barnett, N. Barnett
261,4705380, Shamir, Shamir, Shamir Bogues, S. Bogues
261,4431940, Aaron, Aaron, Aaron Deloney, A. Deloney
261,4592946, Nick, Nick, Nick Fiorillo, N. Fiorillo
261,5107295, TJ, TJ, TJ Hurley, T. Hurley
261,5174853, Seth, Seth, Seth Joba, S. Joba
261,4896370, TJ, TJ, TJ Long, T. Long
261,4592891, Brenton, Brenton, Brenton Mills, B. Mills
261,5174854, Charlie, Charlie, Charlie Moore, C. Moore
261,5174855, Michael, Michael, Michael Mora, M. Mora
261,4898007, Michel, Michel, Michel Ndayishimiye, M. Ndayishimiye
261,5107297, Jorge, Jorge, Jorge Ochoa, J. Ochoa
261,4702611, Jace, Jace, Jace Roquemore, J. Roquemore
261,4870563, Jackson, Jackson, Jackson Skipper, J. Skipper
261,5107296, Perry, Perry, Perry Smith Jr., P. Smith Jr.
261,4397404, Matt, Matt, Matt Veretto, M. Veretto
333,4432737, Jaden, Jaden, Jaden Bradley, J. Bradley
333,4433138, Nimari, Nimari, Nimari Burnett, N. Burnett
333,5132733, Davin, Davin, Davin Cosby Jr., D. Cosby Jr.
333,4895780, Mouhamed, Mouhamed, Mouhamed Dioubate, M. Dioubate
333,4683682, Rylan, Rylan, Rylan Griffen, R. Griffen
333,5174588, Ward, Ward, Ward Harrell, W. Harrell
333,4702175, Delaney, Delaney, Delaney Heard, D. Heard
333,4702670, Grant, Grant, Grant Nelson, G. Nelson
333,4848623, Kris, Kris, Kris Parker, K. Parker
333,4703887, Nick, Nick, Nick Pringle, N. Pringle
333,4397132, Jahvon, Jahvon, Jahvon Quinerly, J. Quinerly
333,5105513, Max, Max, Max Scharnowski, M. Scharnowski
333,4703530, Mark, Mark, Mark Sears, M. Sears
333,5105514, Kai, Kai, Kai Spears, K. Spears
333,4873181, Jarin, Jarin, Jarin Stevenson, J. Stevenson
333,5106293, Mohamed, Mohamed, Mohamed Wague, M. Wague
333,4683781, Sam, Sam, Sam Walters, S. Walters
333,4702484, Latrell, Latrell, Latrell Wrightsell Jr., L. Wrightsell Jr.
232,5105761, Ante, Ante, Ante Brzovic, A. Brzovic
232,4896997, Ben, Ben, Ben Burnham, B. Burnham
232,5174945, Bryce, Bryce, Bryce Butler, B. Butler
232,4897002, Adam, Adam, Adam Comer, A. Comer
232,5105758, Jordan, Jordan, Jordan Crawford, J. Crawford
232,4897000, Babacar, Babacar, Babacar Faye, B. Faye
232,4897901, CJ, CJ, CJ Fulton, C. Fulton
232,4896996, Raekwon, Raekwon, Raekwon Horton, R. Horton
232,5105759, Evan, Evan, Evan Kilminster, E. Kilminster
232,4896999, Charles, Charles, Charles Lampten, C. Lampten
232,5105765, Spencer, Spencer, Spencer Legg, S. Legg
232,5105760, Khalil, Khalil, Khalil London, K. London
232,4896998, Jack, Jack, Jack Miller, J. Miller
232,4396789, Frankie, Frankie, Frankie Policelli, F. Policelli
232,4897001, Dylan, Dylan, Dylan Ritter, D. Ritter
232,5174946, Kobe, Kobe, Kobe Rodgers, K. Rodgers
232,5102798, James, James, James Scott, J. Scott
232,4896994, Reyne, Reyne, Reyne Smith, R. Smith
232,5102799, Mayar, Mayar, Mayar Wol, M. Wol
21,4431879, Cade, Cade, Cade Alger, C. Alger
21,4593084, Jared, Jared, Jared Barnett, J. Barnett
21,4702881, Triston, Triston, Triston Broughton, T. Broughton
21,4702879, Tyler, Tyler, Tyler Broughton, T. Broughton
21,4433183, Lamont, Lamont, Lamont Butler, L. Butler
21,5107804, Miles, Miles, Miles Byrd, M. Byrd
21,5176241, BJ, BJ, BJ Davis, B. Davis
21,5176240, Magoon, Magoon, Magoon Gwath, M. Gwath
21,5176243, Miles, Miles, Miles Heide, M. Heide
21,4897531, Demarshay, Demarshay, Demarshay Johnson Jr., D. Johnson Jr.
21,5107803, Cam, Cam, Cam Lawin, C. Lawin
21,5183181, Desai, Desai, Desai Lopez, D. Lopez
21,4703247, Jay, Jay, Jay Pal, J. Pal
21,4702719, Micah, Micah, Micah Parrish, M. Parrish
21,5176244, Ryan, Ryan, Ryan Raad, R. Raad
21,4870565, Elijah, Elijah, Elijah Saunders, E. Saunders
21,5176242, Ryan, Ryan, Ryan Schwarz, R. Schwarz
21,4702011, Darrion, Darrion, Darrion Trammell, D. Trammell
21,4711593, Reese, Reese, Reese Waters, R. Waters
5,4397473, Tyler, Tyler, Tyler Bertram, T. Bertram
5,4901961, Christian, Christian, Christian Coleman, C. Coleman
5,4593281, Jon, Jon, Jon Coleman, J. Coleman
5,4592739, Javian, Javian, Javian Davis, J. Davis
5,4912986, Ryan, Ryan, Ryan Donohoo, R. Donohoo
5,4683675, Barry, Barry, Barry Dunning Jr., B. Dunning Jr.
5,4682883, Eric, Eric, Eric Gaines, E. Gaines
5,4432400, Rongie, Rongie, Rongie Gordon, R. Gordon
5,5175739, Marquis, Marquis, Marquis Hargrove, M. Hargrove
5,5107144, Efrem, Efrem, Efrem Johnson, E. Johnson
5,5175737, Yaxel, Yaxel, Yaxel Lendeborg, Y. Lendeborg
5,4897604, Daniel, Daniel, Daniel Ortiz, D. Ortiz
5,5175738, KJ, KJ, KJ Satterfield, K. Satterfield
5,4684838, Will, Will, Will Shaver, W. Shaver
5,5107145, Seth, Seth, Seth Sigmon, S. Sigmon
5,4703133, Tony, Tony, Tony Toney, T. Toney
5,4592489, Alejandro, Alejandro, Alejandro Vasquez, A. Vasquez
5,4683641, James, James, James White, J. White
275,5103630, John, John, John Blackwell, J. Blackwell
275,5105864, Ross, Ross, Ross Candelino, R. Candelino
275,4588201, Steven, Steven, Steven Crowl, S. Crowl
275,4433242, Jordan, Jordan, Jordan Davis, J. Davis
275,5105861, Connor, Connor, Connor Essegian, C. Essegian
275,5105863, Isaac, Isaac, Isaac Gard, I. Gard
275,4702534, Carter, Carter, Carter Gilmore, C. Gilmore
275,5105862, Luke, Luke, Luke Haertle, L. Haertle
275,4590360, Chucky, Chucky, Chucky Hepburn, C. Hepburn
275,4433615, Chris, Chris, Chris Hodges, C. Hodges
275,4715351, Markus, Markus, Markus Ilver, M. Ilver
275,5174807, Jack, Jack, Jack Janicki, J. Janicki
275,4703885, Max, Max, Max Klesmit, M. Klesmit
275,4703389, Isaac, Isaac, Isaac Lindsey, I. Lindsey
275,4897723, Kamari, Kamari, Kamari McGee, K. McGee
275,5105603, AJ, AJ, AJ Storr, A. Storr
275,4895783, Nolan, Nolan, Nolan Winter, N. Winter
275,4685686, Gus, Gus, Gus Yalden, G. Yalden
256,4433257, Quincy, Quincy, Quincy Allen, Q. Allen
256,4702765, Justin, Justin, Justin Amadi, J. Amadi
256,5107223, Brycen, Brycen, Brycen Blaine, B. Blaine
256,5107222, Xavier, Xavier, Xavier Brown, X. Brown
256,4685687, Jaylen, Jaylen, Jaylen Carey, J. Carey
256,4702766, Terrence, Terrence, Terrence Edwards Jr., T. Edwards Jr.
256,4897706, Shane, Shane, Shane Feden, S. Feden
256,4431956, Noah, Noah, Noah Freidel, N. Freidel
256,4593261, Michael, Michael, Michael Green III, M. Green III
256,4896996, Raekwon, Raekwon, Raekwon Horton, R. Horton
256,4702666, Tyree, Tyree, Tyree Ihenacho, T. Ihenacho
256,5174865, Aidan, Aidan, Aidan Mckeon, A. Mckeon
256,5174864, Jarrell, Jarrell, Jarrell Pope, J. Pope
256,4592743, Bryant, Bryant, Bryant Randleman, B. Randleman
256,5107225, Jerrell, Jerrell, Jerrell Roberson, J. Roberson
256,4702769, Hollman, Hollman, Hollman Smith, H. Smith
256,4702767, Terell, Terell, Terell Strickland, T. Strickland
256,4433127, Julien, Julien, Julien Wooden, J. Wooden
2608,4701184, Luke, Luke, Luke Barrett, L. Barrett
2608,5105419, Cade, Cade, Cade Bennett, C. Bennett
2608,5176482, Jensen, Jensen, Jensen Bradtke, J. Bradtke
2608,4397970, Mason, Mason, Mason Forbes, M. Forbes
2608,5105421, Kevin, Kevin, Kevin Gad, K. Gad
2608,5123978, Rory, Rory, Rory Hawke, R. Hawke
2608,4684163, Chris, Chris, Chris Howell, C. Howell
2608,4870564, Joshua, Joshua, Joshua Jefferson, J. Jefferson
2608,4684628, Aidan, Aidan, Aidan Mahaney, A. Mahaney
2608,4897197, Augustas, Augustas, Augustas Marciulionis, A. Marciulionis
2608,5176481, Andrew, Andrew, Andrew McKeever, A. McKeever
2608,4711402, Jordan, Jordan, Jordan Ross, J. Ross
2608,4701182, Mitchell, Mitchell, Mitchell Saxen, M. Saxen
2608,5105418, Harry, Harry, Harry Wessels, H. Wessels
2253,4895790, Noah, Noah, Noah Amenhauser, N. Amenhauser
2253,4897538, Josh, Josh, Josh Baker, J. Baker
2253,4431826, Jovan, Jovan, Jovan Blacksher Jr., J. Blacksher Jr.
2253,4870569, Duke, Duke, Duke Brennan, D. Brennan
2253,4712893, Isaiah, Isaiah, Isaiah Carr, I. Carr
2253,4897146, Sydney, Sydney, Sydney Curry, S. Curry
2253,5105576, Malcolm, Malcolm, Malcolm Flaggs, M. Flaggs
2253,4700527, Tyon, Tyon, Tyon Grant-Foster, T. Grant-Foster
2253,4702195, Ray, Ray, Ray Harrison, R. Harrison
2253,4431697, Aidan, Aidan, Aidan Igiehon, A. Igiehon
2253,5177712, Marquese, Marquese, Marquese Josephs, M. Josephs
2253,4896884, Kobe, Kobe, Kobe Knox, K. Knox
2253,4702027, Chance, Chance, Chance McMillian, C. McMillian
2253,4702110, Collin, Collin, Collin Moore, C. Moore
2253,4592706, Yvan, Yvan, Yvan Ouedraogo, Y. Ouedraogo
2253,5107860, Caleb, Caleb, Caleb Shaw, C. Shaw
2253,4896885, Isaiah, Isaiah, Isaiah Shaw, I. Shaw
2253,4565434, Lok, Lok, Lok Wur, L. Wur
2253,5106309, Derrick Michael, Derrick Michael, Derrick Michael Xzavierro, D. Xzavierro
228,4698718, Josh, Josh, Josh Beadle, J. Beadle
228,4397152, Jack, Jack, Jack Clark, J. Clark
228,5105446, Chauncey, Chauncey, Chauncey Gibson, C. Gibson
228,5105449, RJ, RJ, RJ Godfrey, R. Godfrey
228,4903264, Jake, Jake, Jake Heidbreder, J. Heidbreder
228,4433001, Alex, Alex, Alex Hemenway, A. Hemenway
228,4592184, Chase, Chase, Chase Hunter, C. Hunter
228,5105445, Dillon, Dillon, Dillon Hunter, D. Hunter
228,5105447, Matt, Matt, Matt Kelly, M. Kelly
228,5174556, Andrew, Andrew, Andrew Latiff, A. Latiff
228,4593682, Bas, Bas, Bas Leyte, B. Leyte
228,4684998, Ben, Ben, Ben Middlebrooks, B. Middlebrooks
228,4911083, Daniel, Daniel, Daniel Nauseef, D. Nauseef
228,4693954, Ian, Ian, Ian Schieffelin, I. Schieffelin
228,4895755, Asa, Asa, Asa Thomas, A. Thomas
228,5105448, Chauncey, Chauncey, Chauncey Wiggins, C. Wiggins
167,4897606, Deraje, Deraje, Deraje Agbaosi, D. Agbaosi
167,4593968, Josiah, Josiah, Josiah Allick, J. Allick
167,4711607, Mustapha, Mustapha, Mustapha Amzil, M. Amzil
167,5107781, Braden, Braden, Braden Appelhans, B. Appelhans
167,4278072, Jemarl, Jemarl, Jemarl Baker Jr., J. Baker Jr.
167,5107782, Donovan, Donovan, Donovan Dent, D. Dent
167,5176230, Shane, Shane, Shane Douma-Sanchez, S. Douma-Sanchez
167,4897528, Sebastian, Sebastian, Sebastian Forsling, S. Forsling
167,4897526, KJ, KJ, KJ Jenkins, K. Jenkins
167,4683803, Javonte, Javonte, Javonte Johnson, J. Johnson
167,4703015, Nelly, Nelly, Nelly Junior Joseph, N. Junior Joseph
167,4593069, Emmanuel, Emmanuel, Emmanuel Kuac, E. Kuac
167,4432408, Jamal, Jamal, Jamal Mashburn Jr., J. Mashburn Jr.
167,4897300, Isaac, Isaac, Isaac Mushila, I. Mushila
167,4897530, Birima, Birima, Birima Seck, B. Seck
167,5143604, JT, JT, JT Toppin, J. Toppin
167,4845368, Tru, Tru, Tru Washington, T. Washington
167,5107783, Quinton, Quinton, Quinton Webb, Q. Webb
57,5105527, Denzel, Denzel, Denzel Aberdeen, D. Aberdeen
57,5174658, Bennett, Bennett, Bennett Andersen, B. Andersen
57,4703868, Trey, Trey, Trey Bonham, T. Bonham
57,4896372, Walter, Walter, Walter Clayton Jr., W. Clayton Jr.
57,5174657, Alex, Alex, Alex Condon, A. Condon
57,4592180, CJ, CJ, CJ Felder, C. Felder
57,5108992, Micah, Micah, Micah Handlogten, M. Handlogten
57,5080489, Thomas, Thomas, Thomas Haugh, T. Haugh
57,4431872, EJ, EJ, EJ Jarvis, E. Jarvis
57,4431788, Jason, Jason, Jason Jitoboh, J. Jitoboh
57,5174660, Cooper, Cooper, Cooper Josefsberg, C. Josefsberg
57,4432023, Alex, Alex, Alex Klatsky, A. Klatsky
57,5174659, Kajus, Kajus, Kajus Kublickas, K. Kublickas
57,5105529, Riley, Riley, Riley Kugel, R. Kugel
57,4565449, Niels, Niels, Niels Lane, N. Lane
57,4702252, Jack, Jack, Jack May, J. May
57,4683757, Kowacie, Kowacie, Kowacie Reeves Jr., K. Reeves Jr.
57,4897262, Will, Will, Will Richard, W. Richard
57,4431875, Julian, Julian, Julian Rishwain, J. Rishwain
57,5105528, Aleks, Aleks, Aleks Szymczyk, A. Szymczyk
2226,5106867, Leo, Leo, Leo Beath, L. Beath
2226,4702654, Nicholas, Nicholas, Nicholas Boyd, N. Boyd
2226,4684289, Tre, Tre, Tre Carroll, T. Carroll
2226,4702655, Johnell, Johnell, Johnell Davis, J. Davis
2226,4431732, Jalen, Jalen, Jalen Gaffney, J. Gaffney
2226,5106865, Isaiah, Isaiah, Isaiah Gaines, I. Gaines
2226,4700818, Vladislav, Vladislav, Vladislav Goldin, V. Goldin
2226,4592701, Bryan, Bryan, Bryan Greenlee, B. Greenlee
2226,5106866, Jack, Jack, Jack Johnson, J. Johnson
2226,5106864, Brenen, Brenen, Brenen Lorient, B. Lorient
2226,4702656, Alijah, Alijah, Alijah Martin, A. Martin
2226,5175057, Jakel, Jakel, Jakel Powell, J. Powell
2226,4592847, Alejandro, Alejandro, Alejandro Ralat, A. Ralat
2226,4585611, Giancarlo, Giancarlo, Giancarlo Rosado, G. Rosado
2226,5175058, Devin, Devin, Devin Vanterpool, D. Vanterpool
2226,4897476, Brandon, Brandon, Brandon Weatherspoon, B. Weatherspoon
77,5174800, Blake, Blake, Blake Barkley, B. Barkley
77,4684208, Brooks, Brooks, Brooks Barnhizer, B. Barnhizer
77,4431737, Robbie, Robbie, Robbie Beran, R. Beran
77,4702288, Ty, Ty, Ty Berry, T. Berry
77,5093250, Jordan, Jordan, Jordan Clayton, J. Clayton
77,5105833, Luke, Luke, Luke Hunger, L. Hunger
77,5105835, Gus, Gus, Gus Hurlburt, G. Hurlburt
77,4597863, Ryan, Ryan, Ryan Langborg, R. Langborg
77,5105832, Nick, Nick, Nick Martinelli, N. Martinelli
77,5107289, Justin, Justin, Justin Mullins, J. Mullins
77,4702289, Matthew, Matthew, Matthew Nicholson, M. Nicholson
77,4396747, Blake, Blake, Blake Preston, B. Preston
77,4683949, Julian, Julian, Julian Roper II, J. Roper II
77,5105834, Blake, Blake, Blake Smith, B. Smith
77,5174801, Parker, Parker, Parker Strauss, P. Strauss
158,4593968, Josiah, Josiah, Josiah Allick, J. Allick
158,4433600, Wilhelm, Wilhelm, Wilhelm Breidenbach, W. Breidenbach
158,5105828, Henry, Henry, Henry Burt, H. Burt
158,4397811, Jarron, Jarron, Jarron Coleman, J. Coleman
158,4913590, Denim, Denim, Denim Dawson, D. Dawson
158,5174799, Matar, Matar, Matar Diop, M. Diop
158,4431707, Juwan, Juwan, Juwan Gary, J. Gary
158,4898111, Jeffrey, Jeffrey, Jeffrey Grace III, J. Grace III
158,4897432, Sam, Sam, Sam Hoiberg, S. Hoiberg
158,5105827, Cale, Cale, Cale Jacobsen, C. Jacobsen
158,5105826, Blaise, Blaise, Blaise Keita, B. Keita
158,4810230, Oleg, Oleg, Oleg Kojenets, O. Kojenets
158,5105825, Jamarques, Jamarques, Jamarques Lawrence, J. Lawrence
158,5105824, Ramel, Ramel, Ramel Lloyd Jr., R. Lloyd Jr.
158,4592677, Rienk, Rienk, Rienk Mast, R. Mast
158,4432524, Quaran, Quaran, Quaran McPherson, Q. McPherson
158,5093264, Eli, Eli, Eli Rice, E. Rice
158,4897433, Keisei, Keisei, Keisei Tominaga, K. Tominaga
158,4432454, Ahron, Ahron, Ahron Ulis, A. Ulis
158,4432590, C.J., C.J., C.J. Wilcher, C.J. Wilcher
158,4592843, Brice, Brice, Brice Williams, B. Williams
245,4702024, Javonte, Javonte, Javonte Brown, J. Brown
245,4898186, Jace, Jace, Jace Carter, J. Carter
245,4432186, Henry, Henry, Henry Coleman III, H. Coleman III
245,5174292, Rob, Rob, Rob Dockery, R. Dockery
245,4702431, Andersson, Andersson, Andersson Garcia, A. Garcia
245,4433279, Hayden, Hayden, Hayden Hefner, H. Hefner
245,4432029, Eli, Eli, Eli Lawrence, E. Lawrence
245,5105563, Jaelyn, Jaelyn, Jaelyn Lee, J. Lee
245,4431805, Wildens, Wildens, Wildens Leveque, W. Leveque
245,5174291, Bryce, Bryce, Bryce Lindsay, B. Lindsay
245,4433031, Julius, Julius, Julius Marble, J. Marble
245,4433277, Manny, Manny, Manny Obaseki, M. Obaseki
245,5105560, Erik, Erik, Erik Pratt, E. Pratt
245,5174293, Tyler, Tyler, Tyler Ringgold, T. Ringgold
245,5205708, Khalen, Khalen, Khalen Robinson, K. Robinson
245,4565207, KK, KK, KK Robinson, K. Robinson
245,4701266, Ashton, Ashton, Ashton Smith, A. Smith
245,4683833, Wade, Wade, Wade Taylor IV, W. Taylor IV
245,5105562, Solomon, Solomon, Solomon Washington, S. Washington
245,5174666, Brandon, Brandon, Brandon White, B. White
245,5105561, Jordan, Jordan, Jordan Williams, J. Williams
328,4431700, Max, Max, Max Agbonkpolo, M. Agbonkpolo
328,4701991, Steven, Steven, Steven Ashworth, S. Ashworth
328,4593102, Sean, Sean, Sean Bairstow, S. Bairstow
328,4897503, Kyle, Kyle, Kyle Braun, K. Braun
328,4897544, Landon, Landon, Landon Brenchley, L. Brenchley
328,4397450, Darius, Darius, Darius Brown, D. Brown
328,5107824, Nigel, Nigel, Nigel Burris, N. Burris
328,5108991, Jacob, Jacob, Jacob Conner, J. Conner
328,4897466, Cameron, Cameron, Cameron Crawford, C. Crawford
328,4593713, Kamdyn, Kamdyn, Kamdyn Curfman, K. Curfman
328,4066764, Trevin, Trevin, Trevin Dorius, T. Dorius
328,5107864, Mason, Mason, Mason Falslev, M. Falslev
328,4897504, Wyatt, Wyatt, Wyatt Fricks, W. Fricks
328,5176272, Dallin, Dallin, Dallin Grant, D. Grant
328,4433613, Jackson, Jackson, Jackson Grant, J. Grant
328,4897548, Zee, Zee, Zee Hamoda, Z. Hamoda
328,5113534, Javon, Javon, Javon Jackson, J. Jackson
328,4898118, Isaac, Isaac, Isaac Johnson, I. Johnson
328,4431751, Rylan, Rylan, Rylan Jones, R. Jones
328,4601026, Ian, Ian, Ian Martinez, I. Martinez
328,4897502, Chase, Chase, Chase McKey, C. McKey
328,4592865, Goran, Goran, Goran Miladinovic, G. Miladinovic
328,5176562, Pete, Pete, Pete Moe II, P. Moe II
328,5176560, Ryan, Ryan, Ryan Nutter, R. Nutter
328,4702227, Connor, Connor, Connor Odom, C. Odom
328,4897921, Great, Great, Great Osobor, G. Osobor
328,5107874, Garrison, Garrison, Garrison Phelps, G. Phelps
328,4897545, Cade, Cade, Cade Potter, C. Potter
328,5176561, Kycen, Kycen, Kycen Pruett, K. Pruett
328,5176274, Kalifa, Kalifa, Kalifa Sakho, K. Sakho
328,4592862, Marko, Marko, Marko Sarenac, M. Sarenac
328,4701992, Max, Max, Max Shulga, M. Shulga
328,5176271, Jaxon, Jaxon, Jaxon Smith, J. Smith
328,5176273, Karson, Karson, Karson Templin, K. Templin
328,4897506, Creighton, Creighton, Creighton Thieneman, C. Thieneman
328,4897224, Josh, Josh, Josh Uduje, J. Uduje
328,4593380, Kevon, Kevon, Kevon Voyles, K. Voyles
328,4701993, Szymon, Szymon, Szymon Zapala, S. Zapala
2628,4432851, Avery, Avery, Avery Anderson III, A. Anderson III
2628,4432282, JaKobe, JaKobe, JaKobe Coles, J. Coles
2628,4593722, Xavier, Xavier, Xavier Cork, X. Cork
2628,4897754, Cole, Cole, Cole Despie, C. Despie
2628,4897753, Souleymane, Souleymane, Souleymane Doumbia, S. Doumbia
2628,4897751, Darius, Darius, Darius Ford, D. Ford
2628,5106278, Zach, Zach, Zach Gonsoulin, Z. Gonsoulin
2628,5106275, PJ, PJ, PJ Haggerty, P. Haggerty
2628,4433191, Eddie, Eddie, Eddie Lampkin Jr., E. Lampkin Jr.
2628,4683944, Tyler, Tyler, Tyler Lundblade, T. Lundblade
2628,4895786, Isaiah, Isaiah, Isaiah Manning, I. Manning
2628,4433052, Essam, Essam, Essam Mostafa, E. Mostafa
2628,4278533, Chuck, Chuck, Chuck O'Bannon Jr., C. O'Bannon Jr.
2628,4432185, Micah, Micah, Micah Peavy, M. Peavy
2628,5101654, Jace, Jace, Jace Posey, J. Posey
2628,5106277, Trey, Trey, Trey Stuart, T. Stuart
2628,4897296, Trevian, Trevian, Trevian Tennyson, T. Tennyson
2628,5106261, Ernest, Ernest, Ernest Udeh Jr., E. Udeh Jr.
2628,4433163, Rondel, Rondel, Rondel Walker, R. Walker